car_ID,symboling,wheelbase,carlength,carwidth,carheight,curbweight,enginesize,boreratio,stroke,compressionratio,horsepower,peakrpm,citympg,highwaympg,price,CarName,fueltype,aspiration,doornumber,carbody,drivewheel,enginelocation,enginetype,cylindernumber,fuelsystem
206.0,206.0,206.0,206.0,206.0,206.0,206.0,206.0,206.0,206.0,206.0,206.0,206.0,206.0,206.0,206.0,,,,,,,,,,
102.5,0.8300970873786407,97.44466019417474,173.2043689320388,65.58786407766989,53.46407766990292,2543.160194174757,126.29126213592232,3.3135922330097083,3.2396116504854375,10.093300970873786,103.6116504854369,5100.242718446602,25.097087378640776,30.601941747572816,0.0,,,,,,,,,,
59.61124055075519,1.2436245179906884,11.27894847334877,17.277740659089005,5.066166906340376,4.466894034548971,549.0800275475965,42.4715987898395,0.3561182439116208,0.38640474755982857,4.024862339921218,40.1090545120173,594.9071986005217,6.758574771256827,7.195987778871174,0.0,,,,,,,,,,
0.0,-2.0,0.0,0.0,0.0,0.0,0.0,0.0,0.0,0.0,0.0,0.0,0.0,0.0,0.0,0.0,,,,,,,,,,
51.25,0.0,94.5,166.3,64.025,52.0,2145.0,97.0,3.15,3.11,8.525,70.0,4800.0,19.0,25.0,0.0,,,,,,,,,,
102.5,1.0,96.9,173.2,65.5,54.1,2414.0,119.5,3.31,3.29,9.0,95.0,5200.0,24.0,30.0,0.0,,,,,,,,,,
153.75,2.0,102.30000000000001,182.75,66.825,55.5,2932.75,141.0,3.58,3.41,9.4,116.0,5500.0,30.0,34.0,0.0,,,,,,,,,,
205.0,3.0,120.9,208.1,72.3,59.8,4066.0,326.0,3.94,4.17,23.0,288.0,6600.0,49.0,54.0,0.0,,,,,,,,,,
31.0,2.0,86.6,144.6,63.9,50.8,1713.0,92.0,2.91,3.41,9.6,58.0,4800.0,49.0,54.0,0.0,honda civic,gas,std,two,hatchback,fwd,front,ohc,four,1bbl
19.0,2.0,88.4,141.1,60.3,53.2,1488.0,61.0,2.91,3.03,9.5,48.0,5100.0,47.0,53.0,0.0,chevrolet impala,gas,std,two,hatchback,fwd,front,l,three,2bbl
91.0,1.0,94.5,165.3,63.8,54.5,2017.0,103.0,2.99,3.47,21.9,55.0,4800.0,45.0,50.0,0.0,nissan gt-r,diesel,std,two,sedan,fwd,front,ohc,four,idi
161.0,0.0,95.7,166.3,64.4,53.0,2094.0,98.0,3.19,3.03,9.0,70.0,4800.0,38.0,47.0,0.0,toyota corona,gas,std,four,sedan,fwd,front,ohc,four,2bbl
160.0,0.0,95.7,166.3,64.4,52.8,2275.0,110.0,3.27,3.35,22.5,56.0,4500.0,38.0,47.0,0.0,toyota corolla,diesel,std,four,hatchback,fwd,front,ohc,four,idi
185.0,2.0,97.3,171.7,65.5,55.7,2264.0,97.0,3.01,3.4,23.0,52.0,4800.0,37.0,46.0,0.0,volkswagen model 111,diesel,std,four,sedan,fwd,front,ohc,four,idi
183.0,2.0,97.3,171.7,65.5,55.7,2261.0,97.0,3.01,3.4,23.0,52.0,4800.0,37.0,46.0,0.0,vokswagen rabbit,diesel,std,two,sedan,fwd,front,ohc,four,idi
46.0,0.0,94.5,155.9,63.6,52.0,1909.0,90.0,3.03,3.11,9.6,70.0,5400.0,38.0,43.0,0.0,isuzu D-Max V-Cross,gas,std,four,sedan,fwd,front,ohc,four,2bbl
45.0,1.0,94.5,155.9,63.6,52.0,1874.0,90.0,3.03,3.11,9.6,70.0,5400.0,38.0,43.0,0.0,isuzu D-Max ,gas,std,two,sedan,fwd,front,ohc,four,2bbl
21.0,0.0,94.5,158.8,63.6,52.0,1909.0,90.0,3.03,3.11,9.6,70.0,5400.0,38.0,43.0,0.0,chevrolet vega 2300,gas,std,four,sedan,fwd,front,ohc,four,2bbl
20.0,1.0,94.5,155.9,63.6,52.0,1874.0,90.0,3.03,3.11,9.6,70.0,5400.0,38.0,43.0,0.0,chevrolet monte carlo,gas,std,two,hatchback,fwd,front,ohc,four,2bbl
188.0,2.0,97.3,171.7,65.5,55.7,2319.0,97.0,3.01,3.4,23.0,68.0,4500.0,37.0,42.0,0.0,volkswagen super beetle,diesel,turbo,four,sedan,fwd,front,ohc,four,idi
64.0,0.0,98.8,177.8,66.5,55.5,2443.0,122.0,3.39,3.39,22.7,64.0,4650.0,36.0,42.0,0.0,mazda glc deluxe,diesel,std,four,sedan,fwd,front,ohc,four,idi
33.0,1.0,93.7,150.0,64.0,52.6,1837.0,79.0,2.91,3.07,10.1,60.0,5500.0,38.0,42.0,0.0,honda civic,gas,std,two,hatchback,fwd,front,ohc,four,1bbl
119.0,1.0,93.7,157.3,63.8,50.8,1918.0,90.0,2.97,3.23,9.4,68.0,5500.0,37.0,41.0,0.0,plymouth fury iii,gas,std,two,hatchback,fwd,front,ohc,four,2bbl
22.0,1.0,93.7,157.3,63.8,50.8,1876.0,90.0,2.97,3.23,9.41,68.0,5500.0,37.0,41.0,0.0,dodge rampage,gas,std,two,hatchback,fwd,front,ohc,four,2bbl
77.0,2.0,93.7,157.3,64.4,50.8,1918.0,92.0,2.97,3.23,9.4,68.0,5500.0,37.0,41.0,0.0,mitsubishi mirage,gas,std,two,hatchback,fwd,front,ohc,four,2bbl
67.0,0.0,104.9,175.0,66.1,54.4,2700.0,134.0,3.43,3.64,22.0,72.0,4200.0,31.0,39.0,0.0,mazda rx-7 gs,diesel,std,four,sedan,rwd,front,ohc,four,idi
151.0,1.0,95.7,158.7,63.6,54.5,1985.0,92.0,3.05,3.03,9.0,62.0,4800.0,35.0,39.0,0.0,toyota corona mark ii,gas,std,two,hatchback,fwd,front,ohc,four,2bbl
193.0,0.0,100.4,180.2,66.9,55.1,2579.0,97.0,3.01,3.4,23.0,68.0,4500.0,33.0,38.0,0.0,volkswagen rabbit custom,diesel,turbo,four,sedan,fwd,front,ohc,four,idi
121.0,1.0,93.7,157.3,63.8,50.6,1967.0,90.0,2.97,3.23,9.4,68.0,5500.0,31.0,38.0,0.0,plymouth fury iii,gas,std,four,hatchback,fwd,front,ohc,four,2bbl
78.0,2.0,93.7,157.3,64.4,50.8,1944.0,92.0,2.97,3.23,9.4,68.0,5500.0,31.0,38.0,0.0,mitsubishi lancer,gas,std,two,hatchback,fwd,front,ohc,four,2bbl
52.0,1.0,93.1,159.1,64.2,54.1,1900.0,91.0,3.03,3.15,9.0,68.0,5000.0,31.0,38.0,0.0,maxda glc deluxe,gas,std,two,hatchback,fwd,front,ohc,four,2bbl
79.0,2.0,93.7,157.3,64.4,50.8,2004.0,92.0,2.97,3.23,9.4,68.0,5500.0,31.0,38.0,0.0,mitsubishi outlander,gas,std,two,hatchback,fwd,front,ohc,four,2bbl
32.0,2.0,86.6,144.6,63.9,50.8,1819.0,92.0,2.91,3.41,9.2,76.0,6000.0,31.0,38.0,0.0,honda civic cvcc,gas,std,two,hatchback,fwd,front,ohc,four,1bbl
152.0,1.0,95.7,158.7,63.6,54.5,2040.0,92.0,3.05,3.03,9.0,62.0,4800.0,31.0,38.0,0.0,toyota corona,gas,std,two,hatchback,fwd,front,ohc,four,2bbl
53.0,1.0,93.1,159.1,64.2,54.1,1905.0,91.0,3.03,3.15,9.0,68.0,5000.0,31.0,38.0,0.0,mazda rx2 coupe,gas,std,two,hatchback,fwd,front,ohc,four,2bbl
153.0,1.0,95.7,158.7,63.6,54.5,2015.0,92.0,3.05,3.03,9.0,62.0,4800.0,31.0,38.0,0.0,toyota corolla 1200,gas,std,four,hatchback,fwd,front,ohc,four,2bbl
27.0,1.0,93.7,157.3,63.8,50.6,1989.0,90.0,2.97,3.23,9.4,68.0,5500.0,31.0,38.0,0.0,dodge colt (sw),gas,std,four,sedan,fwd,front,ohc,four,2bbl
26.0,1.0,93.7,157.3,63.8,50.6,1989.0,90.0,2.97,3.23,9.4,68.0,5500.0,31.0,38.0,0.0,dodge colt hardtop,gas,std,four,sedan,fwd,front,ohc,four,2bbl
25.0,1.0,93.7,157.3,63.8,50.6,1967.0,90.0,2.97,3.23,9.4,68.0,5500.0,31.0,38.0,0.0,dodge monaco (sw),gas,std,four,hatchback,fwd,front,ohc,four,2bbl
122.0,1.0,93.7,167.3,63.8,50.8,1989.0,90.0,2.97,3.23,9.4,68.0,5500.0,31.0,38.0,0.0,plymouth satellite custom (sw),gas,std,four,sedan,fwd,front,ohc,four,2bbl
23.0,1.0,93.7,157.3,63.8,50.8,1876.0,90.0,2.97,3.23,9.4,68.0,5500.0,31.0,38.0,0.0,dodge challenger se,gas,std,two,hatchback,fwd,front,ohc,four,2bbl
54.0,1.0,93.1,166.8,64.2,54.1,1945.0,91.0,3.03,3.15,9.0,68.0,5000.0,31.0,38.0,0.0,mazda rx-4,gas,std,four,sedan,fwd,front,ohc,four,2bbl
55.0,1.0,93.1,166.8,64.2,54.1,1950.0,91.0,3.08,3.15,9.0,68.0,5000.0,31.0,38.0,0.0,mazda glc deluxe,gas,std,four,sedan,fwd,front,ohc,four,2bbl
123.0,1.0,93.7,167.3,63.8,50.8,2191.0,98.0,2.97,3.23,9.4,68.0,5500.0,31.0,38.0,0.0,plymouth fury gran sedan,gas,std,four,sedan,fwd,front,ohc,four,2bbl
90.0,1.0,94.5,165.3,63.8,54.5,1889.0,97.0,3.15,3.29,9.4,69.0,5200.0,31.0,37.0,0.0,Nissan versa,gas,std,two,sedan,fwd,front,ohc,four,2bbl
99.0,2.0,95.1,162.4,63.8,53.3,2008.0,97.0,3.15,3.29,9.4,69.0,5200.0,31.0,37.0,0.0,nissan clipper,gas,std,two,hardtop,fwd,front,ohc,four,2bbl
157.0,0.0,95.7,166.3,64.4,53.0,2081.0,98.0,3.19,3.03,9.0,70.0,4800.0,30.0,37.0,0.0,toyota mark ii,gas,std,four,sedan,fwd,front,ohc,four,2bbl
142.0,0.0,97.2,172.0,65.4,52.5,2145.0,108.0,3.62,2.64,9.5,82.0,4800.0,32.0,37.0,0.0,subaru,gas,std,four,sedan,fwd,front,ohcf,four,2bbl
98.0,1.0,94.5,170.2,63.8,53.5,2037.0,97.0,3.15,3.29,9.4,69.0,5200.0,31.0,37.0,0.0,nissan note,gas,std,four,wagon,fwd,front,ohc,four,2bbl
96.0,1.0,94.5,165.6,63.8,53.3,2028.0,97.0,3.15,3.29,9.4,69.0,5200.0,31.0,37.0,0.0,nissan juke,gas,std,two,hatchback,fwd,front,ohc,four,2bbl
97.0,1.0,94.5,165.3,63.8,54.5,1971.0,97.0,3.15,3.29,9.4,69.0,5200.0,31.0,37.0,0.0,nissan latio,gas,std,four,sedan,fwd,front,ohc,four,2bbl
158.0,0.0,95.7,166.3,64.4,52.8,2109.0,98.0,3.19,3.03,9.0,70.0,4800.0,30.0,37.0,0.0,toyota corolla 1200,gas,std,four,hatchback,fwd,front,ohc,four,2bbl
93.0,1.0,94.5,165.3,63.8,54.5,1938.0,97.0,3.15,3.29,9.4,69.0,5200.0,31.0,37.0,0.0,nissan latio,gas,std,four,sedan,fwd,front,ohc,four,2bbl
95.0,1.0,94.5,165.3,63.8,54.5,1951.0,97.0,3.15,3.29,9.4,69.0,5200.0,31.0,37.0,0.0,nissan leaf,gas,std,two,sedan,fwd,front,ohc,four,2bbl
154.0,0.0,95.7,169.7,63.6,59.1,2280.0,92.0,3.05,3.03,9.0,62.0,4800.0,31.0,37.0,0.0,toyota corona hardtop,gas,std,four,wagon,fwd,front,ohc,four,2bbl
94.0,1.0,94.5,170.2,63.8,53.5,2024.0,97.0,3.15,3.29,9.4,69.0,5200.0,31.0,37.0,0.0,nissan titan,gas,std,four,wagon,fwd,front,ohc,four,2bbl
92.0,1.0,94.5,165.3,63.8,54.5,1918.0,97.0,3.15,3.29,9.4,69.0,5200.0,31.0,37.0,0.0,nissan rogue,gas,std,two,sedan,fwd,front,ohc,four,2bbl
139.0,2.0,93.7,156.9,63.4,53.7,2050.0,97.0,3.62,2.36,9.0,69.0,4900.0,31.0,36.0,0.0,subaru,gas,std,two,hatchback,fwd,front,ohcf,four,2bbl
159.0,0.0,95.7,166.3,64.4,53.0,2275.0,110.0,3.27,3.35,22.5,56.0,4500.0,34.0,36.0,0.0,toyota corona,diesel,std,four,sedan,fwd,front,ohc,four,idi
162.0,0.0,95.7,166.3,64.4,52.8,2122.0,98.0,3.19,3.03,9.0,70.0,4800.0,28.0,34.0,0.0,toyota corolla,gas,std,four,hatchback,fwd,front,ohc,four,2bbl
163.0,0.0,95.7,166.3,64.4,52.8,2140.0,98.0,3.19,3.03,9.0,70.0,4800.0,28.0,34.0,0.0,toyota mark ii,gas,std,four,sedan,fwd,front,ohc,four,2bbl
184.0,2.0,97.3,171.7,65.5,55.7,2209.0,109.0,3.19,3.4,9.0,85.0,5250.0,27.0,34.0,0.0,volkswagen 1131 deluxe sedan,gas,std,two,sedan,fwd,front,ohc,four,mpfi
174.0,-1.0,102.4,175.6,66.5,54.9,2326.0,122.0,3.31,3.54,8.7,92.0,4200.0,29.0,34.0,0.0,toyota corolla,gas,std,four,sedan,fwd,front,ohc,four,mpfi
186.0,2.0,97.3,171.7,65.5,55.7,2212.0,109.0,3.19,3.4,9.0,85.0,5250.0,27.0,34.0,0.0,volkswagen type 3,gas,std,four,sedan,fwd,front,ohc,four,mpfi
100.0,0.0,97.2,173.4,65.2,54.7,2324.0,120.0,3.33,3.47,8.5,97.0,5200.0,27.0,34.0,0.0,nissan rogue,gas,std,four,hatchback,fwd,front,ohc,four,2bbl
187.0,2.0,97.3,171.7,65.5,55.7,2275.0,109.0,3.19,3.4,9.0,85.0,5250.0,27.0,34.0,0.0,volkswagen 411 (sw),gas,std,four,sedan,fwd,front,ohc,four,mpfi
37.0,0.0,96.5,157.1,63.9,58.3,2024.0,92.0,2.92,3.41,9.2,76.0,6000.0,30.0,34.0,0.0,honda civic 1500 gl,gas,std,four,wagon,fwd,front,ohc,four,1bbl
164.0,1.0,94.5,168.7,64.0,52.6,2169.0,98.0,3.19,3.03,9.0,70.0,4800.0,29.0,34.0,0.0,toyota corolla liftback,gas,std,two,sedan,rwd,front,ohc,four,2bbl
165.0,1.0,94.5,168.7,64.0,52.6,2204.0,98.0,3.19,3.03,9.0,70.0,4800.0,29.0,34.0,0.0,toyota corona,gas,std,two,hatchback,rwd,front,ohc,four,2bbl
34.0,1.0,93.7,150.0,64.0,52.6,1940.0,92.0,2.91,3.41,9.2,76.0,6000.0,30.0,34.0,0.0,honda accord cvcc,gas,std,two,hatchback,fwd,front,ohc,four,1bbl
35.0,1.0,93.7,150.0,64.0,52.6,1956.0,92.0,2.91,3.41,9.2,76.0,6000.0,30.0,34.0,0.0,honda civic cvcc,gas,std,two,hatchback,fwd,front,ohc,four,1bbl
36.0,0.0,96.5,163.4,64.0,54.5,2010.0,92.0,2.91,3.41,9.2,76.0,6000.0,30.0,34.0,0.0,honda accord lx,gas,std,four,sedan,fwd,front,ohc,four,1bbl
101.0,0.0,97.2,173.4,65.2,54.7,2302.0,120.0,3.33,3.47,8.5,97.0,5200.0,27.0,34.0,0.0,nissan nv200,gas,std,four,sedan,fwd,front,ohc,four,2bbl
143.0,0.0,97.2,172.0,65.4,52.5,2190.0,108.0,3.62,2.64,9.5,82.0,4400.0,28.0,33.0,0.0,subaru brz,gas,std,four,sedan,fwd,front,ohcf,four,2bbl
113.0,0.0,107.9,186.7,68.4,56.7,3252.0,152.0,3.7,3.52,21.0,95.0,4150.0,28.0,33.0,0.0,peugeot 604sl,diesel,turbo,four,sedan,rwd,front,l,four,idi
175.0,-1.0,102.4,175.6,66.5,54.9,2480.0,110.0,3.27,3.35,22.5,73.0,4500.0,30.0,33.0,0.0,toyota celica gt,diesel,turbo,four,sedan,fwd,front,ohc,four,idi
38.0,0.0,96.5,167.5,65.2,53.3,2236.0,110.0,3.15,3.58,9.0,86.0,5800.0,27.0,33.0,0.0,honda accord,gas,std,two,hatchback,fwd,front,ohc,four,1bbl
40.0,0.0,96.5,175.4,65.2,54.1,2304.0,110.0,3.15,3.58,9.0,86.0,5800.0,27.0,33.0,0.0,honda prelude,gas,std,four,sedan,fwd,front,ohc,four,1bbl
41.0,0.0,96.5,175.4,62.5,54.1,2372.0,110.0,3.15,3.58,9.0,86.0,5800.0,27.0,33.0,0.0,honda accord,gas,std,four,sedan,fwd,front,ohc,four,1bbl
109.0,0.0,107.9,186.7,68.4,56.7,3197.0,152.0,3.7,3.52,21.0,95.0,4150.0,28.0,33.0,0.0,peugeot 304,diesel,turbo,four,sedan,rwd,front,l,four,idi
117.0,0.0,107.9,186.7,68.4,56.7,3252.0,152.0,3.7,3.52,21.0,95.0,4150.0,28.0,33.0,0.0,peugeot 504,diesel,turbo,four,sedan,rwd,front,l,four,idi
39.0,0.0,96.5,167.5,65.2,53.3,2289.0,110.0,3.15,3.58,9.0,86.0,5800.0,27.0,33.0,0.0,honda civic 1300,gas,std,two,hatchback,fwd,front,ohc,four,1bbl
82.0,3.0,96.3,173.0,65.4,49.4,2328.0,122.0,3.35,3.46,8.5,88.0,5000.0,25.0,32.0,0.0,mitsubishi g4,gas,std,two,hatchback,fwd,front,ohc,four,2bbl
86.0,1.0,96.3,172.4,65.4,51.6,2365.0,122.0,3.35,3.46,8.5,88.0,5000.0,25.0,32.0,0.0,mitsubishi montero,gas,std,four,sedan,fwd,front,ohc,four,2bbl
87.0,1.0,96.3,172.4,65.4,51.6,2405.0,122.0,3.35,3.46,8.5,88.0,5000.0,25.0,32.0,0.0,mitsubishi pajero,gas,std,four,sedan,fwd,front,ohc,four,2bbl
147.0,0.0,97.0,173.5,65.4,53.0,2290.0,108.0,3.62,2.64,9.0,82.0,4800.0,28.0,32.0,0.0,subaru trezia,gas,std,four,wagon,fwd,front,ohcf,four,2bbl
177.0,-1.0,102.4,175.6,66.5,54.9,2414.0,122.0,3.31,3.54,8.7,92.0,4200.0,27.0,32.0,0.0,toyota corolla,gas,std,four,sedan,fwd,front,ohc,four,mpfi
178.0,-1.0,102.4,175.6,66.5,53.9,2458.0,122.0,3.31,3.54,8.7,92.0,4200.0,27.0,32.0,0.0,toyota mark ii,gas,std,four,hatchback,fwd,front,ohc,four,mpfi
65.0,0.0,98.8,177.8,66.5,55.5,2425.0,122.0,3.39,3.39,8.6,84.0,4800.0,26.0,32.0,0.0,mazda 626,gas,std,four,hatchback,fwd,front,ohc,four,2bbl
63.0,0.0,98.8,177.8,66.5,55.5,2410.0,122.0,3.39,3.39,8.6,84.0,4800.0,26.0,32.0,0.0,mazda rx-4,gas,std,four,sedan,fwd,front,ohc,four,2bbl
62.0,1.0,98.8,177.8,66.5,53.7,2385.0,122.0,3.39,3.39,8.6,84.0,4800.0,26.0,32.0,0.0,mazda glc custom,gas,std,two,hatchback,fwd,front,ohc,four,2bbl
61.0,0.0,98.8,177.8,66.5,55.5,2410.0,122.0,3.39,3.39,8.6,84.0,4800.0,26.0,32.0,0.0,mazda glc custom l,gas,std,four,sedan,fwd,front,ohc,four,2bbl
60.0,1.0,98.8,177.8,66.5,53.7,2385.0,122.0,3.39,3.39,8.6,84.0,4800.0,26.0,32.0,0.0,mazda 626,gas,std,two,hatchback,fwd,front,ohc,four,2bbl
189.0,2.0,97.3,171.7,65.5,55.7,2300.0,109.0,3.19,3.4,10.0,100.0,5500.0,26.0,32.0,0.0,volkswagen dasher,gas,std,four,sedan,fwd,front,ohc,four,mpfi
156.0,0.0,95.7,169.7,63.6,59.1,3110.0,92.0,3.05,3.03,9.0,62.0,4800.0,27.0,32.0,0.0,toyota carina,gas,std,four,wagon,4wd,front,ohc,four,2bbl
176.0,-1.0,102.4,175.6,66.5,53.9,2414.0,122.0,3.31,3.54,8.7,92.0,4200.0,27.0,32.0,0.0,toyota corona,gas,std,four,hatchback,fwd,front,ohc,four,mpfi
155.0,0.0,95.7,169.7,63.6,59.1,2290.0,92.0,3.05,3.03,9.0,62.0,4800.0,27.0,32.0,0.0,toyota corolla 1600 (sw),gas,std,four,wagon,4wd,front,ohc,four,2bbl
144.0,0.0,97.2,172.0,65.4,52.5,2340.0,108.0,3.62,2.64,9.0,94.0,5200.0,26.0,32.0,0.0,subaru baja,gas,std,four,sedan,fwd,front,ohcf,four,mpfi
148.0,0.0,97.0,173.5,65.4,53.0,2455.0,108.0,3.62,2.64,9.0,94.0,5200.0,25.0,31.0,0.0,subaru tribeca,gas,std,four,wagon,fwd,front,ohcf,four,mpfi
132.0,2.0,96.1,176.8,66.6,50.5,2460.0,132.0,3.46,3.9,8.7,90.0,5100.0,23.0,31.0,0.0,renault 5 gtl,gas,std,two,hatchback,fwd,front,ohc,four,mpfi
141.0,2.0,93.3,157.3,63.8,55.7,2240.0,108.0,3.62,2.64,8.7,73.0,4400.0,26.0,31.0,0.0,subaru dl,gas,std,two,hatchback,4wd,front,ohcf,four,2bbl
140.0,2.0,93.7,157.9,63.6,53.7,2120.0,108.0,3.62,2.64,8.7,73.0,4400.0,26.0,31.0,0.0,subaru dl,gas,std,two,hatchback,fwd,front,ohcf,four,2bbl
43.0,1.0,96.5,169.1,66.0,51.0,2293.0,110.0,3.15,3.58,9.1,100.0,5500.0,25.0,31.0,0.0,honda civic (auto),gas,std,two,sedan,fwd,front,ohc,four,2bbl
131.0,0.0,96.1,181.5,66.5,55.2,2579.0,132.0,3.46,3.9,8.7,90.0,5100.0,23.0,31.0,0.0,renault 12tl,gas,std,four,wagon,fwd,front,ohc,four,mpfi
194.0,0.0,100.4,183.1,66.9,55.1,2563.0,109.0,3.19,3.4,9.0,88.0,5500.0,25.0,31.0,0.0,volkswagen dasher,gas,std,four,wagon,fwd,front,ohc,four,mpfi
51.0,1.0,93.1,159.1,64.2,54.1,1890.0,91.0,3.03,3.15,9.0,68.0,5000.0,30.0,31.0,0.0,maxda rx3,gas,std,two,hatchback,fwd,front,ohc,four,2bbl
124.0,-1.0,103.3,174.6,64.6,59.8,2535.0,122.0,3.35,3.46,8.5,88.0,5000.0,24.0,30.0,0.0,plymouth valiant,gas,std,four,wagon,fwd,front,ohc,four,2bbl
120.0,1.0,93.7,157.3,63.8,50.8,2128.0,98.0,3.03,3.39,7.6,102.0,5500.0,24.0,30.0,0.0,plymouth cricket,gas,turbo,two,hatchback,fwd,front,ohc,four,spdi
173.0,2.0,98.4,176.2,65.6,53.0,2975.0,146.0,3.62,3.5,9.3,116.0,4800.0,24.0,30.0,0.0,toyota cressida,gas,std,two,convertible,rwd,front,ohc,four,mpfi
81.0,3.0,96.3,173.0,65.4,49.4,2370.0,110.0,3.17,3.46,7.5,116.0,5500.0,23.0,30.0,0.0,mitsubishi mirage g4,gas,turbo,two,hatchback,fwd,front,ohc,four,spdi
29.0,-1.0,103.3,174.6,64.6,59.8,2535.0,122.0,3.34,3.46,8.5,88.0,5000.0,24.0,30.0,0.0,dodge dart custom,gas,std,four,wagon,fwd,front,ohc,four,2bbl
28.0,1.0,93.7,157.3,63.8,50.6,2191.0,98.0,3.03,3.39,7.6,102.0,5500.0,24.0,30.0,0.0,dodge coronet custom,gas,turbo,two,sedan,fwd,front,ohc,four,mpfi
24.0,1.0,93.7,157.3,63.8,50.8,2128.0,98.0,3.03,3.39,7.6,102.0,5500.0,24.0,30.0,0.0,dodge d200,gas,turbo,two,hatchback,fwd,front,ohc,four,mpfi
172.0,2.0,98.4,176.2,65.6,52.0,2714.0,146.0,3.62,3.5,9.3,116.0,4800.0,24.0,30.0,0.0,toyota corolla,gas,std,two,hatchback,rwd,front,ohc,four,mpfi
171.0,2.0,98.4,176.2,65.6,52.0,2679.0,146.0,3.62,3.5,9.3,116.0,4800.0,24.0,30.0,0.0,toyota tercel,gas,std,two,hardtop,rwd,front,ohc,four,mpfi
80.0,1.0,93.0,157.3,63.8,50.8,2145.0,98.0,3.03,3.39,7.6,102.0,5500.0,24.0,30.0,0.0,mitsubishi g4,gas,turbo,two,hatchback,fwd,front,ohc,four,spdi
4.0,2.0,50.0,176.6,66.2,54.3,2337.0,109.0,3.19,3.4,10.0,102.0,5500.0,24.0,30.0,0.0,audi 100 ls,gas,std,four,sedan,fwd,front,ohc,four,mpfi
170.0,2.0,98.4,176.2,65.6,52.0,2551.0,146.0,3.62,3.5,9.3,116.0,4800.0,24.0,30.0,0.0,toyota starlet,gas,std,two,hatchback,rwd,front,ohc,four,mpfi
169.0,2.0,98.4,176.2,65.6,52.0,2536.0,146.0,3.62,3.5,9.3,116.0,4800.0,24.0,30.0,0.0,toyota corolla,gas,std,two,hardtop,rwd,front,ohc,four,mpfi
168.0,2.0,98.4,176.2,65.6,52.0,2540.0,146.0,3.62,3.5,9.3,116.0,4800.0,24.0,30.0,0.0,toyota corona liftback,gas,std,two,hardtop,rwd,front,ohc,four,mpfi
88.0,1.0,96.3,172.4,65.4,51.6,2403.0,110.0,3.17,3.46,7.5,116.0,5500.0,23.0,30.0,0.0,mitsubishi outlander,gas,turbo,four,sedan,fwd,front,ohc,four,spdi
89.0,-1.0,96.3,172.4,65.4,51.6,2403.0,110.0,3.17,3.46,7.5,116.0,5500.0,23.0,30.0,0.0,mitsubishi mirage g4,gas,std,four,sedan,fwd,front,ohc,four,spdi
12.0,0.0,101.2,176.8,64.8,54.3,2395.0,108.0,3.5,2.8,8.8,101.0,5800.0,23.0,29.0,0.0,bmw 320i,gas,std,four,sedan,rwd,front,ohc,four,mpfi
166.0,1.0,94.5,168.7,64.0,52.6,2265.0,98.0,3.24,3.08,9.4,112.0,6600.0,26.0,29.0,0.0,toyota celica gt liftback,gas,std,two,sedan,rwd,front,dohc,four,mpfi
11.0,2.0,101.2,176.8,64.8,54.3,2395.0,108.0,3.5,2.8,8.8,101.0,5800.0,23.0,29.0,0.0,bmw 320i,gas,std,two,sedan,rwd,front,ohc,four,mpfi
167.0,1.0,94.5,168.7,64.0,52.6,2300.0,98.0,3.24,3.08,9.4,112.0,6600.0,26.0,29.0,0.0,toyota corolla tercel,gas,std,two,hatchback,rwd,front,dohc,four,mpfi
47.0,2.0,96.0,172.6,65.2,51.4,2734.0,119.0,3.43,3.23,9.2,90.0,5000.0,24.0,29.0,0.0,isuzu D-Max ,gas,std,two,hatchback,rwd,front,ohc,four,spfi
191.0,3.0,94.5,165.7,64.0,51.4,2221.0,109.0,3.19,3.4,8.5,90.0,5500.0,24.0,29.0,0.0,vw rabbit,gas,std,two,hatchback,fwd,front,ohc,four,mpfi
44.0,0.0,94.3,170.7,61.8,53.5,2337.0,111.0,3.31,3.23,8.5,78.0,4800.0,24.0,29.0,0.0,isuzu MU-X,gas,std,four,sedan,rwd,front,ohc,four,2bbl
190.0,3.0,94.5,159.3,64.2,55.6,2254.0,109.0,3.19,3.4,8.5,90.0,5500.0,24.0,29.0,0.0,vw dasher,gas,std,two,convertible,fwd,front,ohc,four,mpfi
149.0,0.0,96.9,173.6,65.4,54.9,2420.0,108.0,3.62,2.64,9.0,82.0,4800.0,23.0,29.0,0.0,subaru dl,gas,std,four,wagon,4wd,front,ohcf,four,2bbl
146.0,0.0,97.0,172.0,65.4,54.3,2510.0,108.0,3.62,2.64,7.7,111.0,4800.0,24.0,29.0,0.0,subaru r2,gas,turbo,four,sedan,4wd,front,ohcf,four,mpfi
198.0,-1.0,104.3,188.8,67.2,57.5,3042.0,141.0,3.78,3.15,9.5,114.0,5400.0,24.0,28.0,0.0,volvo 245,gas,std,four,wagon,rwd,front,ohc,four,mpfi
201.0,-1.0,109.1,188.8,68.9,55.5,2952.0,141.0,3.78,3.15,9.5,114.0,5400.0,23.0,28.0,0.0,volvo 145e (sw),gas,std,four,sedan,rwd,front,ohc,four,mpfi
136.0,2.0,99.1,186.6,66.5,56.1,2758.0,121.0,3.54,3.07,9.3,110.0,5250.0,21.0,28.0,0.0,saab 99gle,gas,std,four,sedan,fwd,front,ohc,four,mpfi
135.0,3.0,99.1,186.6,66.5,56.1,2707.0,121.0,2.54,2.07,9.3,110.0,5250.0,21.0,28.0,0.0,saab 99le,gas,std,two,hatchback,fwd,front,ohc,four,mpfi
134.0,2.0,99.1,186.6,66.5,56.1,2695.0,121.0,3.54,3.07,9.3,110.0,5250.0,21.0,28.0,0.0,saab 99le,gas,std,four,sedan,fwd,front,ohc,four,mpfi
133.0,3.0,99.1,186.6,66.5,56.1,2658.0,121.0,3.54,3.07,9.31,110.0,5250.0,21.0,28.0,0.0,saab 99e,gas,std,two,hatchback,fwd,front,ohc,four,mpfi
14.0,0.0,101.2,176.8,64.8,54.3,2765.0,164.0,3.31,3.19,9.0,121.0,4250.0,21.0,28.0,0.0,bmw x3,gas,std,four,sedan,rwd,front,ohc,six,mpfi
197.0,-2.0,104.3,188.8,67.2,56.2,2935.0,141.0,3.78,3.15,9.5,114.0,5400.0,24.0,28.0,0.0,volvo 244dl,gas,std,four,sedan,rwd,front,ohc,four,mpfi
130.0,1.0,98.4,175.7,72.3,50.5,3366.0,203.0,3.94,3.11,10.0,288.0,5750.0,17.0,28.0,0.0,porsche cayenne,gas,std,two,hatchback,rwd,front,dohcv,eight,mpfi
13.0,0.0,101.2,176.8,64.8,54.3,2710.0,164.0,3.31,3.19,9.0,121.0,4250.0,21.0,28.0,0.0,bmw x1,gas,std,two,sedan,rwd,front,ohc,six,mpfi
196.0,-1.0,104.3,188.8,67.2,57.5,3034.0,141.0,3.78,3.15,9.5,114.0,5400.0,23.0,28.0,0.0,volvo 144ea,gas,std,four,wagon,rwd,front,ohc,four,mpfi
195.0,-2.0,104.3,188.8,67.2,56.2,2912.0,141.0,3.78,3.15,9.5,114.0,5400.0,23.0,28.0,0.0,volvo 145e (sw),gas,std,four,sedan,rwd,front,ohc,four,mpfi
42.0,0.0,96.5,175.4,65.2,54.1,2465.0,110.0,3.15,3.58,9.0,101.0,5800.0,24.0,28.0,0.0,honda civic,gas,std,four,sedan,fwd,front,ohc,four,mpfi
126.0,3.0,94.5,168.9,68.3,50.2,2778.0,151.0,3.94,3.11,9.5,143.0,5500.0,19.0,27.0,0.0,porsche macan,gas,std,two,hatchback,rwd,front,ohc,four,mpfi
204.0,-1.0,109.1,188.8,68.9,55.5,3217.0,145.0,3.01,3.4,23.0,106.0,4800.0,26.0,27.0,0.0,volvo 246,diesel,turbo,four,sedan,rwd,front,ohc,six,idi
66.0,0.0,104.9,175.0,66.1,54.4,2670.0,140.0,3.76,3.16,8.0,120.0,5000.0,19.0,27.0,0.0,mazda glc,gas,std,four,sedan,rwd,front,ohc,four,mpfi
2.0,3.0,50.0,168.8,64.1,48.8,2548.0,130.0,3.47,2.68,9.0,111.0,5000.0,21.0,27.0,0.0,alfa-romero stelvio,gas,std,two,convertible,rwd,front,dohc,four,mpfi
1.0,3.0,50.0,168.8,64.1,48.8,2548.0,130.0,3.47,2.68,9.0,111.0,5000.0,21.0,27.0,0.0,alfa-romero giulia,gas,std,two,convertible,rwd,front,dohc,four,mpfi
137.0,3.0,99.1,186.6,66.5,56.1,2808.0,121.0,3.54,3.07,9.0,160.0,5500.0,19.0,26.0,0.0,saab 99gle,gas,turbo,two,hatchback,fwd,front,dohc,four,mpfi
138.0,2.0,99.1,186.6,66.5,56.1,2847.0,121.0,3.54,3.07,9.0,160.0,5500.0,19.0,26.0,0.0,saab 99e,gas,turbo,four,sedan,fwd,front,dohc,four,mpfi
3.0,1.0,50.0,171.2,65.5,52.4,2823.0,152.0,2.68,3.47,9.0,154.0,5000.0,19.0,26.0,0.0,alfa-romero Quadrifoglio,gas,std,two,hatchback,rwd,front,ohcv,six,mpfi
202.0,-1.0,109.1,188.8,68.8,55.5,3049.0,141.0,3.78,3.15,8.7,160.0,5300.0,19.0,25.0,0.0,volvo 144ea,gas,turbo,four,sedan,rwd,front,ohc,four,mpfi
205.0,-1.0,109.1,188.8,68.9,55.5,3062.0,141.0,3.78,3.15,9.5,114.0,5400.0,19.0,25.0,0.0,volvo 264gl,gas,turbo,four,sedan,rwd,front,ohc,four,mpfi
104.0,0.0,100.4,184.6,66.5,55.1,3060.0,181.0,3.43,3.27,9.0,152.0,5200.0,19.0,25.0,0.0,nissan otti,gas,std,four,sedan,fwd,front,ohcv,six,mpfi
145.0,0.0,97.0,172.0,65.4,54.3,2385.0,108.0,3.62,2.64,9.0,82.0,4800.0,24.0,25.0,0.0,subaru r1,gas,std,four,sedan,4wd,front,ohcf,four,2bbl
111.0,0.0,114.2,198.9,68.4,58.7,3430.0,152.0,3.7,3.52,21.0,95.0,4150.0,25.0,25.0,0.0,peugeot 504,diesel,turbo,four,wagon,rwd,front,l,four,idi
6.0,2.0,99.8,177.3,66.3,53.1,2507.0,136.0,3.19,3.4,8.5,110.0,5500.0,19.0,25.0,0.0,audi fox,gas,std,two,sedan,fwd,front,ohc,five,mpfi
7.0,1.0,105.8,192.7,71.4,55.7,2844.0,136.0,3.19,3.4,8.5,110.0,5500.0,19.0,25.0,0.0,audi 100ls,gas,std,four,sedan,fwd,front,ohc,five,mpfi
8.0,1.0,105.8,192.7,71.4,55.7,2954.0,136.0,3.19,3.4,8.5,110.0,5500.0,19.0,25.0,0.0,audi 5000,gas,std,four,wagon,fwd,front,ohc,five,mpfi
15.0,1.0,103.5,189.0,66.9,55.7,3055.0,164.0,3.31,3.19,9.0,121.0,4250.0,20.0,25.0,0.0,bmw z4,gas,std,four,sedan,rwd,front,ohc,six,mpfi
68.0,-1.0,110.0,190.9,70.3,56.5,3515.0,183.0,3.58,3.64,21.5,123.0,4350.0,22.0,25.0,0.0,buick electra 225 custom,diesel,turbo,four,sedan,rwd,front,ohc,five,idi
70.0,0.0,106.7,187.5,70.3,54.9,3495.0,183.0,3.58,3.64,21.5,123.0,4350.0,22.0,25.0,0.0,buick century,diesel,turbo,two,hardtop,rwd,front,ohc,five,idi
71.0,-1.0,115.6,202.6,71.7,56.3,3770.0,183.0,3.58,3.64,21.5,123.0,4350.0,22.0,25.0,0.0,buick skyhawk,diesel,turbo,four,sedan,rwd,front,ohc,five,idi
105.0,3.0,91.3,170.7,67.9,49.7,3071.0,181.0,3.43,3.27,9.0,160.0,5200.0,19.0,25.0,0.0,nissan teana,gas,std,two,hatchback,rwd,front,ohcv,six,mpfi
107.0,1.0,99.2,178.5,67.9,49.7,3139.0,181.0,3.43,3.27,9.0,160.0,5200.0,19.0,25.0,0.0,nissan clipper,gas,std,two,hatchback,rwd,front,ohcv,six,mpfi
69.0,-1.0,110.0,190.9,70.3,58.7,3750.0,183.0,3.58,3.64,21.5,123.0,4350.0,22.0,25.0,0.0,buick century luxus (sw),diesel,turbo,four,wagon,rwd,front,ohc,five,idi
129.0,3.0,89.5,168.9,65.0,51.6,2800.0,194.0,3.74,2.9,9.5,207.0,5900.0,17.0,25.0,0.0,porsche boxter,gas,std,two,convertible,rwd,rear,ohcf,six,mpfi
128.0,3.0,89.5,168.9,65.0,51.6,2756.0,194.0,3.74,2.9,9.5,207.0,5900.0,17.0,25.0,0.0,porsche cayenne,gas,std,two,hardtop,rwd,rear,ohcf,six,mpfi
115.0,0.0,114.2,198.9,68.4,58.7,3485.0,152.0,3.7,3.52,21.0,95.0,4150.0,25.0,25.0,0.0,peugeot 505s turbo diesel,diesel,turbo,four,wagon,rwd,front,l,four,idi
127.0,3.0,89.5,168.9,65.0,51.6,2756.0,194.0,3.74,2.9,9.5,207.0,5900.0,17.0,25.0,0.0,porcshce panamera,gas,std,two,hardtop,rwd,rear,ohcf,six,mpfi
110.0,0.0,114.2,198.9,68.4,58.7,3230.0,120.0,3.46,3.19,8.4,97.0,5000.0,19.0,24.0,0.0,peugeot 504 (sw),gas,std,four,wagon,rwd,front,l,four,mpfi
192.0,0.0,100.4,180.2,66.9,55.1,2661.0,136.0,3.19,3.4,8.5,110.0,5500.0,19.0,24.0,0.0,volkswagen rabbit,gas,std,four,sedan,fwd,front,ohc,five,mpfi
118.0,0.0,108.0,186.7,68.3,56.0,3130.0,134.0,3.61,3.21,7.0,142.0,5600.0,18.0,24.0,0.0,peugeot 604sl,gas,turbo,four,sedan,rwd,front,l,four,mpfi
182.0,-1.0,104.5,187.8,66.5,54.1,3151.0,161.0,3.27,3.35,9.2,156.0,5200.0,19.0,24.0,0.0,toyouta tercel,gas,std,four,wagon,rwd,front,dohc,six,mpfi
181.0,-1.0,104.5,187.8,66.5,54.1,3131.0,171.0,3.27,3.35,9.2,156.0,5200.0,20.0,24.0,0.0,toyota starlet,gas,std,four,sedan,rwd,front,dohc,six,mpfi
180.0,3.0,102.9,183.5,67.7,52.0,3016.0,171.0,3.27,3.35,9.3,161.0,5200.0,19.0,24.0,0.0,toyota corona,gas,std,two,hatchback,rwd,front,dohc,six,mpfi
179.0,3.0,102.9,183.5,67.7,52.0,2976.0,171.0,3.27,3.35,9.3,161.0,5200.0,20.0,24.0,0.0,toyota corolla liftback,gas,std,two,hatchback,rwd,front,dohc,six,mpfi
116.0,0.0,107.9,186.7,68.4,56.7,3075.0,120.0,3.46,3.19,8.4,97.0,5000.0,19.0,24.0,0.0,peugeot 504,gas,std,four,sedan,rwd,front,l,four,mpfi
30.0,3.0,95.9,173.2,66.3,50.2,2811.0,156.0,3.6,3.9,7.0,145.0,5000.0,19.0,24.0,0.0,dodge coronet custom (sw),gas,turbo,two,hatchback,fwd,front,ohc,four,mfi
125.0,3.0,95.9,173.2,66.3,50.2,2818.0,156.0,3.59,3.86,7.0,145.0,5000.0,19.0,24.0,0.0,plymouth duster,gas,turbo,two,hatchback,rwd,front,ohc,four,spdi
76.0,1.0,102.7,178.4,68.0,54.8,2910.0,140.0,3.78,3.12,8.0,175.0,5000.0,19.0,24.0,0.0,mercury cougar,gas,turbo,two,hatchback,rwd,front,ohc,four,mpfi
83.0,3.0,95.9,173.2,66.3,50.2,2833.0,156.0,3.58,3.86,7.0,145.0,5000.0,19.0,24.0,0.0,mitsubishi outlander,gas,turbo,two,hatchback,fwd,front,ohc,four,spdi
84.0,3.0,95.9,173.2,66.3,50.2,2921.0,156.0,3.59,3.86,7.0,145.0,5000.0,19.0,24.0,0.0,mitsubishi g4,gas,turbo,two,hatchback,fwd,front,ohc,four,spdi
85.0,3.0,95.9,173.2,66.3,50.2,2926.0,156.0,3.59,3.86,7.0,145.0,5000.0,19.0,24.0,0.0,mitsubishi mirage g4,gas,turbo,two,hatchback,fwd,front,ohc,four,spdi
114.0,0.0,114.2,198.9,68.4,56.7,3285.0,120.0,3.46,2.19,8.4,95.0,5000.0,19.0,24.0,0.0,peugeot 504,gas,std,four,wagon,rwd,front,l,four,mpfi
112.0,0.0,107.9,186.7,68.4,56.7,3075.0,120.0,3.46,2.19,8.4,95.0,5000.0,19.0,24.0,0.0,peugeot 504,gas,std,four,sedan,rwd,front,l,four,mpfi
108.0,0.0,107.9,186.7,68.4,56.7,3020.0,120.0,3.46,3.19,8.4,97.0,5000.0,19.0,24.0,0.0,peugeot 504,gas,std,four,sedan,rwd,front,l,four,mpfi
57.0,3.0,95.3,169.0,65.7,49.6,2380.0,70.0,3.33,3.255,9.4,101.0,6000.0,17.0,23.0,0.0,mazda glc,gas,std,two,hatchback,rwd,front,rotor,two,4bbl
56.0,3.0,95.3,169.0,65.7,49.6,2380.0,70.0,3.33,3.255,9.4,101.0,6000.0,17.0,23.0,0.0,mazda 626,gas,std,two,hatchback,rwd,front,rotor,two,4bbl
203.0,-1.0,109.1,188.8,68.9,55.5,3012.0,173.0,3.58,2.87,8.8,134.0,5500.0,18.0,23.0,0.0,volvo 244dl,gas,std,four,sedan,rwd,front,ohcv,six,mpfi
59.0,3.0,95.3,169.0,65.7,49.6,2500.0,80.0,3.33,3.255,9.4,135.0,6000.0,16.0,23.0,0.0,mazda glc 4,gas,std,two,hatchback,rwd,front,rotor,two,mpfi
58.0,3.0,95.3,169.0,65.7,49.6,2385.0,70.0,3.33,3.255,9.4,101.0,6000.0,17.0,23.0,0.0,mazda rx-7 gs,gas,std,two,hatchback,rwd,front,rotor,two,4bbl
106.0,3.0,91.3,170.7,67.9,49.7,3139.0,181.0,3.43,3.27,7.8,200.0,5200.0,17.0,23.0,0.0,nissan kicks,gas,turbo,two,hatchback,rwd,front,ohcv,six,mpfi
150.0,0.0,96.9,173.6,65.4,54.9,2650.0,108.0,3.62,2.64,7.7,111.0,4800.0,23.0,23.0,0.0,subaru dl,gas,turbo,four,wagon,4wd,front,ohcf,four,mpfi
102.0,0.0,100.4,181.7,66.5,55.1,3095.0,181.0,3.43,3.27,9.0,152.0,5200.0,17.0,22.0,0.0,nissan dayz,gas,std,four,sedan,fwd,front,ohcv,six,mpfi
5.0,2.0,99.4,176.6,66.4,54.3,2824.0,136.0,3.19,3.4,8.0,115.0,5500.0,18.0,22.0,0.0,audi 100ls,gas,std,four,sedan,4wd,front,ohc,five,mpfi
200.0,-1.0,104.3,188.8,67.2,57.5,3157.0,130.0,3.62,3.15,7.5,162.0,5100.0,17.0,22.0,0.0,volvo diesel,gas,turbo,four,wagon,rwd,front,ohc,four,mpfi
199.0,-2.0,104.3,188.8,67.2,56.2,3045.0,130.0,3.62,3.15,7.5,162.0,5100.0,17.0,22.0,0.0,volvo 264gl,gas,turbo,four,sedan,rwd,front,ohc,four,mpfi
10.0,0.0,99.5,178.2,67.9,52.0,3053.0,131.0,3.13,3.4,7.0,160.0,5500.0,16.0,22.0,0.0,audi 5000s (diesel),gas,turbo,two,hatchback,4wd,front,ohc,five,mpfi
16.0,0.0,103.5,189.0,66.9,55.7,3230.0,209.0,3.62,3.39,8.0,182.0,5400.0,16.0,22.0,0.0,bmw x4,gas,std,four,sedan,rwd,front,ohc,six,mpfi
17.0,0.0,103.5,193.8,67.9,53.7,3380.0,209.0,3.62,3.39,8.0,182.0,5400.0,16.0,22.0,0.0,bmw x5,gas,std,two,sedan,rwd,front,ohc,six,mpfi
103.0,0.0,100.4,184.6,66.5,56.1,3296.0,181.0,3.43,3.27,9.0,152.0,5200.0,17.0,22.0,0.0,nissan fuga,gas,std,four,wagon,fwd,front,ohcv,six,mpfi
18.0,0.0,110.0,197.0,70.9,56.3,3505.0,209.0,3.62,3.39,8.0,182.0,5400.0,15.0,20.0,0.0,bmw x3,gas,std,four,sedan,rwd,front,ohc,six,mpfi
9.0,1.0,105.8,192.7,71.4,55.9,3086.0,131.0,3.13,3.4,8.3,140.0,5500.0,17.0,20.0,0.0,audi 4000,gas,turbo,four,sedan,fwd,front,ohc,five,mpfi
48.0,0.0,113.0,199.6,69.6,52.8,4066.0,258.0,3.63,4.17,8.1,176.0,4750.0,15.0,19.0,0.0,jaguar xj,gas,std,four,sedan,rwd,front,dohc,six,mpfi
49.0,0.0,113.0,199.6,69.6,52.8,4066.0,258.0,3.63,4.17,8.1,176.0,4750.0,15.0,19.0,0.0,jaguar xf,gas,std,four,sedan,rwd,front,dohc,six,mpfi
73.0,3.0,96.6,180.3,70.5,50.8,3685.0,234.0,3.46,3.1,8.3,155.0,4750.0,16.0,18.0,0.0,buick skylark,gas,std,two,convertible,rwd,front,ohcv,eight,mpfi
72.0,-1.0,115.6,202.6,71.7,56.5,3740.0,234.0,3.46,3.1,8.3,155.0,4750.0,16.0,18.0,0.0,buick opel isuzu deluxe,gas,std,four,sedan,rwd,front,ohcv,eight,mpfi
50.0,0.0,102.0,191.7,70.6,47.8,3950.0,326.0,3.54,2.76,11.5,262.0,5000.0,13.0,17.0,0.0,jaguar xk,gas,std,two,sedan,rwd,front,ohcv,twelve,mpfi
74.0,0.0,120.9,208.1,71.7,56.7,3900.0,308.0,3.8,3.35,8.0,184.0,4500.0,14.0,16.0,0.0,buick century special,gas,std,four,sedan,rwd,front,ohcv,eight,mpfi
75.0,1.0,112.0,199.2,72.0,55.4,3715.0,304.0,3.8,3.35,8.0,184.0,4500.0,14.0,16.0,0.0,buick regal sport coupe (turbo),gas,std,two,hardtop,rwd,front,ohcv,eight,mpfi
0.0,0.0,0.0,0.0,0.0,0.0,0.0,0.0,0.0,0.0,0.0,0.0,0.0,0.0,0.0,0.0,0,0,0,0,0,0,0,0,0,0
